id,diagnosis,radius_mean,texture_mean,perimeter_mean,area_mean,smoothness_mean,compactness_mean,concavity_mean,concave_points_mean,symmetry_mean,fractal_dimension_mean,radius_sd,texture_sd,perimeter_sd,area_sd,smoothness_sd,compactness_sd,concavity_sd,concave_points_sd,symmetry_sd,fractal_dimension_sd,radius_worst,texture_worst,perimeter_worst,area_worst,smoothness_worst,compactness_worst,concavity_worst,concave_points_worst,symmetry_worst,fractal_dimension_worst
86409,B,14.26,19.65,97.83,629.9,0.07837,0.2233,0.3003,0.07798,0.1704,0.07769,0.3628,1.49,3.399,29.25,0.005298,0.07446,0.1435,0.02292,0.02566,0.01298,15.3,23.73,107.0,709.0,0.08949,0.4193,0.6783,0.1505,0.2398,0.1082
857343,B,11.76,21.6,74.72,427.9,0.08637,0.04966,0.01657,0.01115,0.1495,0.05888,0.4062,1.21,2.635,28.47,0.005857,0.009758,0.01168,0.007445,0.02406,0.001769,12.98,25.72,82.98,516.5,0.1085,0.08615,0.05523,0.03715,0.2433,0.06563
9110127,M,18.03,16.85,117.5,990.0,0.08947,0.1232,0.109,0.06254,0.172,0.0578,0.2986,0.5906,1.921,35.77,0.004117,0.0156,0.02975,0.009753,0.01295,0.002436,20.38,22.02,133.3,1292.0,0.1263,0.2666,0.429,0.1535,0.2842,0.08225
853401,M,18.63,25.11,124.8,1088.0,0.1064,0.1887,0.2319,0.1244,0.2183,0.06197,0.8307,1.466,5.574,105.0,0.006248,0.03374,0.05196,0.01158,0.02007,0.00456,23.15,34.01,160.5,1670.0,0.1491,0.4257,0.6133,0.1848,0.3444,0.09782
